Key,Date,Day,AvailableTime,Distance,AirScore,WeatherScore,Dorm,IOS
A1,14/03/2019,Thursday,NA,258.0881473,2,1,NO,0
A1,18/03/2019,Monday,NA,258.0881473,1,2,NO,0
A1,19/03/2019,Tuesday,NA,NA,1,2,NO,1
A1,20/03/2019,Wednesday,10184,258.0881473,2,1,NO,1
A1,21/03/2019,Thursday,NA,258.0881473,1,1,NO,0
A1,25/03/2019,Monday,NA,258.0881473,1,2,NO,1
A1,26/03/2019,Tuesday,NA,132.335733,1,2,NO,0
A1,27/03/2019,Wednesday,10184,NA,3,2,NO,1
A1,28/03/2019,Thursday,NA,258.0881473,1,2,NO,0
A1,2/4/19,Tuesday,NA,258.0881473,1,5,NO,0
A1,3/4/19,Wednesday,10184,258.0881473,1,2,NO,0
A1,4/4/19,Thursday,NA,258.0881473,1,2,NO,0
A1,8/4/19,Monday,NA,258.0881473,1,4,NO,1
A1,9/4/19,Tuesday,NA,258.0881473,1,1,NO,0
A1,11/4/19,Thursday,NA,258.0881473,1,1,NO,0
A2,14/03/2019,Thursday,9714.5,258.0881473,2,1,NO,1
A2,18/03/2019,Monday,7436.333333,258.0881473,1,2,NO,1
A2,19/03/2019,Tuesday,6813,258.0881473,1,2,NO,1
A2,20/03/2019,Wednesday,9479,258.0881473,2,1,NO,1
A2,21/03/2019,Thursday,9714.5,258.0881473,1,1,NO,1
A2,25/03/2019,Monday,7436.333333,NA,1,2,NO,1
A2,26/03/2019,Tuesday,6813,258.0881473,1,2,NO,1
A2,27/03/2019,Wednesday,9479,258.0881473,3,2,NO,1
A2,28/03/2019,Thursday,9714.5,258.0881473,1,2,NO,1
A2,1/4/19,Monday,7436.333333,258.0881473,1,5,NO,1
A2,2/4/19,Tuesday,6813,258.0881473,1,5,NO,1
A2,3/4/19,Wednesday,9479,258.0881473,1,2,NO,1
A2,4/4/19,Thursday,9714.5,258.0881473,1,2,NO,1
A2,9/4/19,Tuesday,6813,258.0881473,1,1,NO,1
A2,8/4/19,Monday,7436.333333,258.0881473,1,4,NO,1
A2,11/4/19,Thursday,9714.5,NA,1,1,NO,1
A3,14/03/2019,Thursday,10790,258.0881473,2,1,NO,0
A3,18/03/2019,Monday,8547.833333,132.335733,1,2,NO,0
A3,19/03/2019,Tuesday,9799,NA,1,2,NO,1
A3,20/03/2019,Wednesday,7397,132.335733,2,1,NO,0
A3,21/03/2019,Thursday,10790,258.0881473,1,1,NO,1
A3,25/03/2019,Monday,8547.833333,132.335733,1,2,NO,1
A3,26/03/2019,Tuesday,9799,258.0881473,1,2,NO,0
A3,27/03/2019,Wednesday,7397,132.335733,3,2,NO,0
A3,28/03/2019,Thursday,10790,258.0881473,1,2,NO,1
A3,1/4/19,Monday,8547.833333,NA,1,5,NO,1
A3,2/4/19,Tuesday,9799,258.0881473,1,5,NO,0
A3,3/4/19,Wednesday,7397,132.335733,1,2,NO,1
A3,4/4/19,Thursday,10790,258.0881473,1,2,NO,1
A3,8/4/19,Monday,8547.833333,NA,1,4,NO,1
A3,9/4/19,Tuesday,9799,258.0881473,1,1,NO,0
A5,14/03/2019,Thursday,9640.833333,258.0881473,2,1,YES,0
A5,15/03/2019,Friday,NA,NA,1,1,YES,0
A5,18/03/2019,Monday,10781.66667,258.0881473,1,2,YES,0
A5,19/03/2019,Tuesday,10255,258.0881473,1,2,YES,0
A5,20/03/2019,Wednesday,NA,NA,2,1,YES,1
A5,21/03/2019,Thursday,9640.833333,258.0881473,1,1,YES,0
A5,25/03/2019,Monday,10781.66667,258.0881473,1,2,YES,0
A5,26/03/2019,Tuesday,10255,258.0881473,1,2,YES,0
A5,27/03/2019,Wednesday,NA,258.0881473,3,2,YES,1
A5,28/03/2019,Thursday,9640.833333,258.0881473,1,2,YES,0
A5,1/4/19,Monday,10781.66667,NA,1,5,YES,1
A5,2/4/19,Tuesday,10255,258.0881473,1,5,YES,0
A5,3/4/19,Wednesday,NA,NA,1,2,YES,1
A5,4/4/19,Thursday,9640.833333,258.0881473,1,2,YES,0
A5,8/4/19,Monday,10781.66667,258.0881473,1,4,YES,1
A5,9/4/19,Tuesday,10255,258.0881473,1,1,YES,0
A5,10/4/19,Wednesday,NA,NA,1,1,YES,1
A5,11/4/19,Thursday,9640.833333,258.0881473,1,1,YES,0
B1,4/4/19,Thursday,NA,774.9080656,1,2,NO,1
B1,5/4/19,Friday,9609.384615,402.9031196,1,2,NO,1
B1,1/4/19,Monday,7250.333333,NA,1,5,NO,1
B1,3/4/19,Wednesday,10221,258.0881473,1,2,NO,1
B1,20/03/2019,Wednesday,10221,258.0881473,2,1,NO,1
B1,21/03/2019,Thursday,NA,774.9080656,1,1,NO,1
B1,22/03/2019,Friday,9609.384615,330.5009508,1,5,NO,1
B1,26/03/2019,Tuesday,10793,774.9080656,1,2,NO,1
B1,12/4/19,Friday,9609.384615,774.9080656,1,2,NO,1
B1,27/03/2019,Wednesday,10221,132.335733,3,2,NO,1
B1,25/03/2019,Monday,7250.333333,504.6236985,1,2,NO,1
B1,10/4/19,Wednesday,10221,NA,1,1,NO,1
B1,19/03/2019,Tuesday,10793,NA,1,2,NO,1
B1,11/4/19,Thursday,NA,774.9080656,1,1,NO,1
B1,18/03/2019,Monday,7250.333333,258.0881473,1,2,NO,1
B1,29/03/2019,Friday,9609.384615,402.9031196,1,4,NO,1
B1,15/03/2019,Friday,9609.384615,NA,1,1,NO,1
B1,14/03/2019,Thursday,NA,774.9080656,2,1,NO,1
B1,28/03/2019,Thursday,NA,774.9080656,1,2,NO,1
B1,8/4/19,Monday,7250.333333,258.0881473,1,4,NO,1
B1,9/4/19,Tuesday,10793,774.9080656,1,1,NO,1
B2,15/03/2019,Friday,NA,NA,1,1,NO,1
B2,18/03/2019,Monday,7126.5,NA,1,2,NO,1
B2,19/03/2019,Tuesday,8736.666667,774.9080656,1,2,NO,1
B2,20/03/2019,Wednesday,8990.75,774.9080656,2,1,NO,1
B2,21/03/2019,Thursday,10155.5,NA,1,1,NO,1
B2,22/03/2019,Friday,NA,NA,1,5,NO,1
B2,25/03/2019,Monday,7126.5,774.9080656,1,2,NO,1
B2,26/03/2019,Tuesday,8736.666667,NA,1,2,NO,1
B2,28/03/2019,Thursday,10155.5,774.9080656,1,2,NO,1
B2,29/03/2019,Friday,NA,NA,1,4,NO,1
B2,1/4/19,Monday,7126.5,774.9080656,1,5,NO,1
B2,2/4/19,Tuesday,8736.666667,774.9080656,1,5,NO,1
B2,3/4/19,Wednesday,8990.75,774.9080656,1,2,NO,1
B2,4/4/19,Thursday,10155.5,774.9080656,1,2,NO,1
B2,5/4/19,Friday,NA,NA,1,2,NO,1
B2,8/4/19,Monday,7126.5,774.9080656,1,4,NO,1
B2,9/4/19,Tuesday,8736.666667,774.9080656,1,1,NO,1
B2,10/4/19,Wednesday,8990.75,774.9080656,1,1,NO,1
B3,14/03/2019,Thursday,2956,774.9080656,2,1,NO,1
B3,15/03/2019,Friday,7046.8,774.9080656,1,1,NO,1
B3,21/03/2019,Thursday,2956,774.9080656,1,1,NO,1
B3,22/03/2019,Friday,7046.8,774.9080656,1,5,NO,1
B3,25/03/2019,Monday,10727,258.0881473,1,2,NO,1
B3,26/03/2019,Tuesday,10727,774.9080656,1,2,NO,0
B3,27/03/2019,Wednesday,10157.66667,258.0881473,3,2,NO,0
B3,28/03/2019,Thursday,2956,774.9080656,1,2,NO,1
B3,29/03/2019,Friday,7046.8,774.9080656,1,4,NO,1
B3,1/4/19,Monday,10727,258.0881473,1,5,NO,0
B3,2/4/19,Tuesday,10727,774.9080656,1,5,NO,1
B3,3/4/19,Wednesday,10157.66667,258.0881473,1,2,NO,0
B3,4/4/19,Thursday,2956,774.9080656,1,2,NO,1
B3,5/4/19,Friday,7046.8,774.9080656,1,2,NO,0
B3,8/4/19,Monday,10727,NA,1,4,NO,1
B3,9/4/19,Tuesday,10727,774.9080656,1,1,NO,1
B3,11/4/19,Thursday,2956,774.9080656,1,1,NO,1
B4,25/03/2019,Monday,NA,NA,1,2,NO,1
B4,11/4/19,Thursday,10427.5,258.0881473,1,1,NO,1
B4,28/03/2019,Thursday,10427.5,NA,1,2,NO,1
B4,3/4/19,Wednesday,9767.5,258.0881473,1,2,NO,1
B4,8/4/19,Monday,NA,258.0881473,1,4,NO,0
B4,26/03/2019,Tuesday,10076,258.0881473,1,2,NO,1
B4,4/4/19,Thursday,10427.5,258.0881473,1,2,NO,0
B4,9/4/19,Tuesday,10076,258.0881473,1,1,NO,1
B4,19/03/2019,Tuesday,10076,NA,1,2,NO,1
B4,20/03/2019,Wednesday,9767.5,258.0881473,2,1,NO,0
B4,14/03/2019,Thursday,10427.5,258.0881473,2,1,NO,1
B4,27/03/2019,Wednesday,9767.5,258.0881473,3,2,NO,0
B4,18/03/2019,Monday,NA,NA,1,2,NO,1
B5,14/03/2019,Thursday,NA,504.6236985,2,1,NO,1
B5,18/03/2019,Monday,NA,258.0881473,1,2,NO,0
B5,19/03/2019,Tuesday,NA,504.6236985,1,2,NO,1
B5,20/03/2019,Wednesday,NA,258.0881473,2,1,NO,0
B5,21/03/2019,Thursday,NA,504.6236985,1,1,NO,1
B5,22/03/2019,Friday,NA,NA,1,5,NO,1
B5,25/03/2019,Monday,NA,NA,1,2,NO,1
B5,26/03/2019,Tuesday,NA,774.9080656,1,2,NO,0
B5,27/03/2019,Wednesday,NA,258.0881473,3,2,NO,0
B5,28/03/2019,Thursday,NA,504.6236985,1,2,NO,1
B5,1/4/19,Monday,NA,NA,1,5,NO,1
B5,2/4/19,Tuesday,NA,504.6236985,1,5,NO,1
B5,3/4/19,Wednesday,NA,258.0881473,1,2,NO,1
C1,15/03/2019,Friday,NA,NA,1,1,NO,1
C1,18/03/2019,Monday,NA,NA,1,2,NO,1
C1,20/03/2019,Wednesday,10404,NA,2,1,NO,1
C1,21/03/2019,Thursday,5811,258.0881473,1,1,NO,1
C1,25/03/2019,Monday,NA,NA,1,2,NO,1
C1,26/03/2019,Tuesday,6019.5,258.0881473,1,2,NO,1
C1,3/4/19,Wednesday,10404,NA,1,2,NO,1
C1,8/4/19,Monday,NA,NA,1,4,NO,1
C1,9/4/19,Tuesday,6019.5,258.0881473,1,1,NO,1
C2,14/03/2019,Thursday,9602.057143,132.335733,2,1,NO,0
C2,18/03/2019,Monday,4969.5,258.0881473,1,2,NO,0
C2,19/03/2019,Tuesday,9091.529412,132.335733,1,2,NO,0
C2,20/03/2019,Wednesday,6214,258.0881473,2,1,NO,0
C2,21/03/2019,Thursday,9602.057143,132.335733,1,1,NO,0
C2,25/03/2019,Monday,4969.5,258.0881473,1,2,NO,0
C2,26/03/2019,Tuesday,9091.529412,132.335733,1,2,NO,0
C2,27/03/2019,Wednesday,6214,258.0881473,3,2,NO,0
C2,28/03/2019,Thursday,9602.057143,132.335733,1,2,NO,0
C2,1/4/19,Monday,4969.5,NA,1,5,NO,1
C2,2/4/19,Tuesday,9091.529412,132.335733,1,5,NO,0
C2,3/4/19,Wednesday,6214,NA,1,2,NO,1
C2,4/4/19,Thursday,9602.057143,132.335733,1,2,NO,0
C2,8/4/19,Monday,4969.5,NA,1,4,NO,1
C2,9/4/19,Tuesday,9091.529412,132.335733,1,1,NO,0
C2,10/4/19,Wednesday,6214,258.0881473,1,1,NO,1
C2,11/4/19,Thursday,9602.057143,132.335733,1,1,NO,0
C3,15/03/2019,Friday,10403,258.0881473,1,1,NO,1
C3,19/03/2019,Tuesday,9599,258.0881473,1,2,NO,1
C3,20/03/2019,Wednesday,9388,258.0881473,2,1,NO,1
C3,21/03/2019,Thursday,10414,258.0881473,1,1,NO,1
C3,25/03/2019,Monday,NA,258.0881473,1,2,NO,1
C3,26/03/2019,Tuesday,9599,258.0881473,1,2,NO,0
C3,27/03/2019,Wednesday,9388,NA,3,2,NO,1
C3,28/03/2019,Thursday,10414,258.0881473,1,2,NO,0
C3,1/4/19,Monday,NA,258.0881473,1,5,NO,1
C3,2/4/19,Tuesday,9599,258.0881473,1,5,NO,1
C3,3/4/19,Wednesday,9388,NA,1,2,NO,1
C3,4/4/19,Thursday,10414,258.0881473,1,2,NO,1
C3,5/4/19,Friday,10403,NA,1,2,NO,1
C3,8/4/19,Monday,NA,NA,1,4,NO,1
C3,9/4/19,Tuesday,9599,NA,1,1,NO,1
C3,10/4/19,Wednesday,9388,NA,1,1,NO,1
C3,11/4/19,Thursday,10414,NA,1,1,NO,0
C4,14/03/2019,Thursday,NA,NA,2,1,NO,1
C4,15/03/2019,Friday,10128.25,258.0881473,1,1,NO,0
C4,18/03/2019,Monday,10513.66667,132.335733,1,2,NO,1
C4,19/03/2019,Tuesday,8448.5,258.0881473,1,2,NO,1
C4,20/03/2019,Wednesday,8972.909091,132.335733,2,1,NO,1
C4,21/03/2019,Thursday,NA,NA,1,1,NO,1
C4,22/03/2019,Friday,10128.25,NA,1,5,NO,1
C4,25/03/2019,Monday,10513.66667,132.335733,1,2,NO,1
C4,26/03/2019,Tuesday,8448.5,NA,1,2,NO,1
C4,27/03/2019,Wednesday,8972.909091,132.335733,3,2,NO,0
C4,28/03/2019,Thursday,NA,NA,1,2,NO,1
C4,29/03/2019,Friday,10128.25,NA,1,4,NO,1
C4,1/4/19,Monday,10513.66667,NA,1,5,NO,1
C4,2/4/19,Tuesday,8448.5,NA,1,5,NO,1
C4,3/4/19,Wednesday,8972.909091,132.335733,1,2,NO,0
C4,4/4/19,Thursday,NA,258.0881473,1,2,NO,1
C4,5/4/19,Friday,10128.25,258.0881473,1,2,NO,0
C4,8/4/19,Monday,10513.66667,NA,1,4,NO,1
C4,9/4/19,Tuesday,8448.5,258.0881473,1,1,NO,0
C4,11/4/19,Thursday,NA,258.0881473,1,1,NO,1
C4,12/4/19,Friday,10128.25,NA,1,2,NO,1
C5,14/03/2019,Thursday,10764,NA,2,1,NO,1
C5,15/03/2019,Friday,9188.666667,NA,1,1,NO,1
C5,19/03/2019,Tuesday,9229.5,NA,1,2,NO,0
C5,20/03/2019,Wednesday,NA,NA,2,1,NO,1
C5,21/03/2019,Thursday,10764,NA,1,1,NO,1
C5,22/03/2019,Friday,9188.666667,NA,1,5,NO,1
C5,25/03/2019,Monday,9688.666667,NA,1,2,NO,1
C5,26/03/2019,Tuesday,9229.5,NA,1,2,NO,1
C5,27/03/2019,Wednesday,NA,NA,3,2,NO,1
C5,28/03/2019,Thursday,10764,NA,1,2,NO,1
C5,29/03/2019,Friday,9188.666667,NA,1,4,NO,1
C5,1/4/19,Monday,9688.666667,NA,1,5,NO,1
C5,2/4/19,Tuesday,9229.5,NA,1,5,NO,1
C5,3/4/19,Wednesday,NA,NA,1,2,NO,1
C5,4/4/19,Thursday,10764,NA,1,2,NO,1
C5,5/4/19,Friday,9188.666667,258.0881473,1,2,NO,0
C5,8/4/19,Monday,9688.666667,NA,1,4,NO,1
C5,9/4/19,Tuesday,9229.5,258.0881473,1,1,NO,0
C5,10/4/19,Wednesday,NA,258.0881473,1,1,NO,1
C5,11/4/19,Thursday,10764,258.0881473,1,1,NO,1
C5,12/4/19,Friday,9188.666667,258.0881473,1,2,NO,0
C5,18/03/2019,Monday,9688.666667,NA,1,2,NO,1
D1,19/03/2019,Tuesday,NA,NA,1,2,NO,1
D1,20/03/2019,Wednesday,10779,NA,2,1,NO,1
D1,25/03/2019,Monday,NA,NA,1,2,NO,1
D1,1/4/19,Monday,NA,NA,1,5,NO,1
D1,26/03/2019,Tuesday,NA,NA,1,2,NO,1
D1,3/4/19,Wednesday,10779,402.9031196,1,2,NO,1
D1,2/4/19,Tuesday,NA,258.0881473,1,5,NO,1
D2,19/03/2019,Tuesday,NA,NA,1,2,NO,1
D2,18/03/2019,Monday,10077,258.0881473,1,2,NO,1
D2,25/03/2019,Monday,10077,NA,1,2,NO,1
D2,21/03/2019,Thursday,NA,NA,1,1,NO,1
D2,20/03/2019,Wednesday,9027,258.0881473,2,1,NO,1
D2,26/03/2019,Tuesday,NA,NA,1,2,NO,1
D2,27/03/2019,Wednesday,9027,258.0881473,3,2,NO,1
D2,1/4/19,Monday,10077,258.0881473,1,5,NO,1
D2,3/4/19,Wednesday,9027,258.0881473,1,2,NO,1
D3,14/03/2019,Thursday,NA,NA,2,1,YES,1
D3,18/03/2019,Monday,NA,515.0831232,1,2,YES,1
D3,20/03/2019,Wednesday,8184.5,258.0881473,2,1,YES,1
D3,21/03/2019,Thursday,NA,515.0831232,1,1,YES,1
D3,26/03/2019,Tuesday,NA,258.0881473,1,2,YES,1
D3,27/03/2019,Wednesday,8184.5,317.1516336,3,2,YES,1
D3,28/03/2019,Thursday,NA,515.0831232,1,2,YES,1
D3,1/4/19,Monday,NA,258.0881473,1,5,YES,1
D3,2/4/19,Tuesday,NA,NA,1,5,YES,1
D3,3/4/19,Wednesday,8184.5,515.0831232,1,2,YES,1
D3,4/4/19,Thursday,NA,515.0831232,1,2,YES,1
D3,8/4/19,Monday,NA,515.0831232,1,4,YES,1
D3,10/4/19,Wednesday,8184.5,515.0831232,1,1,YES,1
D3,11/4/19,Thursday,NA,258.0881473,1,1,YES,1
D4,19/03/2019,Tuesday,NA,NA,1,2,NO,1
D4,20/03/2019,Wednesday,NA,NA,2,1,NO,1
D4,25/03/2019,Monday,NA,NA,1,2,NO,1
D4,26/03/2019,Tuesday,NA,NA,1,2,NO,1
D5,14/03/2019,Thursday,10794,NA,2,1,NO,1
D5,19/03/2019,Tuesday,NA,NA,1,2,NO,1
D5,20/03/2019,Wednesday,NA,258.0881473,2,1,NO,1
D5,25/03/2019,Monday,NA,NA,1,2,NO,1
D5,27/03/2019,Wednesday,NA,NA,3,2,NO,1
D5,28/03/2019,Thursday,10794,NA,1,2,NO,1
D5,1/4/19,Monday,NA,258.0881473,1,5,NO,1
D5,2/4/19,Tuesday,NA,NA,1,5,NO,1
D5,3/4/19,Wednesday,NA,NA,1,2,NO,1
D5,4/4/19,Thursday,10794,NA,1,2,NO,1
D5,8/4/19,Monday,NA,NA,1,4,NO,1
D5,9/4/19,Tuesday,NA,NA,1,1,NO,1
D5,11/4/19,Thursday,10794,NA,1,1,NO,1
E1,13/03/2019,Wednesday,9645.75,258.0881473,1,5,NO,1
E1,18/03/2019,Monday,NA,258.0881473,1,2,NO,0
E1,19/03/2019,Tuesday,9343,258.0881473,1,2,NO,0
E1,20/03/2019,Wednesday,9645.75,258.0881473,2,1,NO,0
E1,21/03/2019,Thursday,9667.25,NA,1,1,NO,1
E1,27/03/2019,Wednesday,9645.75,132.335733,3,2,NO,0
E1,28/03/2019,Thursday,9667.25,258.0881473,1,2,NO,0
E1,1/4/19,Monday,NA,258.0881473,1,5,NO,1
E1,2/4/19,Tuesday,9343,258.0881473,1,5,NO,0
E1,3/4/19,Wednesday,9645.75,258.0881473,1,2,NO,1
E1,4/4/19,Thursday,9667.25,132.335733,1,2,NO,0
E1,8/4/19,Monday,NA,258.0881473,1,4,NO,0
E1,9/4/19,Tuesday,9343,258.0881473,1,1,NO,1
E1,11/4/19,Thursday,9667.25,258.0881473,1,1,NO,0
E2,13/03/2019,Wednesday,10322.2,132.335733,1,5,NO,0
E2,14/03/2019,Thursday,10642,258.0881473,2,1,NO,1
E2,18/03/2019,Monday,6790.666667,NA,1,2,NO,1
E2,19/03/2019,Tuesday,9602,258.0881473,1,2,NO,0
E2,20/03/2019,Wednesday,10322.2,258.0881473,2,1,NO,0
E2,25/03/2019,Monday,6790.666667,258.0881473,1,2,NO,0
E2,26/03/2019,Tuesday,9602,258.0881473,1,2,NO,1
E2,27/03/2019,Wednesday,10322.2,258.0881473,3,2,NO,0
E2,1/4/19,Monday,6790.666667,258.0881473,1,5,NO,0
E2,3/4/19,Wednesday,10322.2,258.0881473,1,2,NO,0
E2,8/4/19,Monday,6790.666667,258.0881473,1,4,NO,0
E2,9/4/19,Tuesday,9602,258.0881473,1,1,NO,1
E3,14/03/2019,Thursday,10135,258.0881473,2,1,YES,0
E3,15/03/2019,Friday,10722.66667,295.721823,1,1,YES,1
E3,18/03/2019,Monday,9728.5,258.0881473,1,2,YES,1
E3,19/03/2019,Tuesday,10638.66667,258.0881473,1,2,YES,0
E3,20/03/2019,Wednesday,10153.38462,258.0881473,2,1,YES,0
E3,21/03/2019,Thursday,10135,258.0881473,1,1,YES,1
E3,25/03/2019,Monday,9728.5,258.0881473,1,2,YES,0
E3,26/03/2019,Tuesday,10638.66667,258.0881473,1,2,YES,0
E3,27/03/2019,Wednesday,10153.38462,132.335733,3,2,YES,0
E3,28/03/2019,Thursday,10135,258.0881473,1,2,YES,1
E3,1/4/19,Monday,9728.5,258.0881473,1,5,YES,0
E3,2/4/19,Tuesday,10638.66667,132.335733,1,5,YES,0
E3,3/4/19,Wednesday,10153.38462,132.335733,1,2,YES,0
E3,4/4/19,Thursday,10135,258.0881473,1,2,YES,0
E3,8/4/19,Monday,9728.5,132.335733,1,4,YES,1
E3,9/4/19,Tuesday,10638.66667,132.335733,1,1,YES,0
E4,13/03/2019,Wednesday,9725.428571,132.335733,1,5,NO,0
E4,14/03/2019,Thursday,9644.333333,258.0881473,2,1,NO,1
E4,18/03/2019,Monday,10130,258.0881473,1,2,NO,1
E4,19/03/2019,Tuesday,8606.666667,258.0881473,1,2,NO,0
E4,20/03/2019,Wednesday,9725.428571,258.0881473,2,1,NO,0
E4,21/03/2019,Thursday,9644.333333,258.0881473,1,1,NO,0
E4,25/03/2019,Monday,10130,NA,1,2,NO,1
E4,27/03/2019,Wednesday,9725.428571,258.0881473,3,2,NO,0
E4,28/03/2019,Thursday,9644.333333,132.335733,1,2,NO,1
E4,1/4/19,Monday,10130,NA,1,5,NO,1
E4,2/4/19,Tuesday,8606.666667,132.335733,1,5,NO,0
E4,4/4/19,Thursday,9644.333333,NA,1,2,NO,1
E4,8/4/19,Monday,10130,NA,1,4,NO,1
E4,11/4/19,Thursday,9644.333333,NA,1,1,NO,1
E5,13/03/2019,Wednesday,NA,NA,1,5,NO,1
E5,14/03/2019,Thursday,10742.33333,504.6236985,2,1,NO,1
E5,8/4/19,Monday,10730.33333,NA,1,4,NO,1
E5,9/4/19,Tuesday,6291,504.6236985,1,1,NO,1
E5,12/4/19,Friday,10794.66667,402.9031196,1,2,NO,1
F1,14/03/2019,Thursday,10295,258.0881473,2,1,NO,1
F1,18/03/2019,Monday,NA,258.0881473,1,2,NO,1
F1,19/03/2019,Tuesday,NA,NA,1,2,NO,1
F1,20/03/2019,Wednesday,NA,NA,2,1,NO,1
F1,25/03/2019,Monday,NA,NA,1,2,NO,1
F1,27/03/2019,Wednesday,NA,258.0881473,3,2,NO,1
F1,3/4/19,Wednesday,NA,NA,1,2,NO,1
F1,8/4/19,Monday,NA,NA,1,4,NO,1
F1,12/4/19,Friday,NA,NA,1,2,NO,1
F2,18/03/2019,Monday,10250,258.0881473,1,2,NO,1
F2,19/03/2019,Tuesday,5562.333333,258.0881473,1,2,NO,1
F2,20/03/2019,Wednesday,NA,258.0881473,2,1,NO,1
F2,21/03/2019,Thursday,10784,NA,1,1,NO,1
F2,22/03/2019,Friday,NA,NA,1,5,NO,1
F2,25/03/2019,Monday,10250,258.0881473,1,2,NO,0
F2,26/03/2019,Tuesday,5562.333333,258.0881473,1,2,NO,0
F2,27/03/2019,Wednesday,NA,NA,3,2,NO,1
F2,1/4/19,Monday,10250,NA,1,5,NO,1
F2,3/4/19,Wednesday,NA,NA,1,2,NO,1
F2,4/4/19,Thursday,10784,NA,1,2,NO,0
F2,8/4/19,Monday,10250,NA,1,4,NO,1
F3,14/03/2019,Thursday,10120.63636,NA,2,1,NO,1
F3,18/03/2019,Monday,5871.5,258.0881473,1,2,NO,1
F3,19/03/2019,Tuesday,10090.7,132.335733,1,2,NO,1
F3,20/03/2019,Wednesday,NA,NA,2,1,NO,1
F3,21/03/2019,Thursday,10120.63636,132.335733,1,1,NO,1
F3,25/03/2019,Monday,5871.5,258.0881473,1,2,NO,1
F3,26/03/2019,Tuesday,10090.7,295.721823,1,2,NO,1
F3,28/03/2019,Thursday,10120.63636,132.335733,1,2,NO,0
F3,1/4/19,Monday,5871.5,258.0881473,1,5,NO,0
F3,2/4/19,Tuesday,10090.7,132.335733,1,5,NO,1
F3,4/4/19,Thursday,10120.63636,166.2188067,1,2,NO,0
F3,8/4/19,Monday,5871.5,NA,1,4,NO,1
F3,9/4/19,Tuesday,10090.7,132.335733,1,1,NO,0
F4,14/03/2019,Thursday,8580.2,132.335733,2,1,NO,0
F4,18/03/2019,Monday,6589,258.0881473,1,2,NO,1
F4,19/03/2019,Tuesday,9840,132.335733,1,2,NO,0
F4,20/03/2019,Wednesday,NA,258.0881473,2,1,NO,1
F4,21/03/2019,Thursday,8580.2,132.335733,1,1,NO,1
F4,25/03/2019,Monday,6589,258.0881473,1,2,NO,1
F4,26/03/2019,Tuesday,9840,132.335733,1,2,NO,1
F4,27/03/2019,Wednesday,NA,258.0881473,3,2,NO,1
F4,28/03/2019,Thursday,8580.2,132.335733,1,2,NO,1
F4,1/4/19,Monday,6589,258.0881473,1,5,NO,1
F4,2/4/19,Tuesday,9840,132.335733,1,5,NO,1
F4,3/4/19,Wednesday,NA,258.0881473,1,2,NO,1
F4,4/4/19,Thursday,8580.2,258.0881473,1,2,NO,0
F4,8/4/19,Monday,6589,258.0881473,1,4,NO,1
F4,9/4/19,Tuesday,9840,132.335733,1,1,NO,1
F4,11/4/19,Thursday,8580.2,132.335733,1,1,NO,1
F4,12/4/19,Friday,10585,NA,1,2,NO,1
F5,14/03/2019,Thursday,8029.6,132.335733,2,1,NO,1
F5,18/03/2019,Monday,9413,258.0881473,1,2,NO,1
F5,19/03/2019,Tuesday,9064.4,NA,1,2,NO,1
F5,20/03/2019,Wednesday,10258,258.0881473,2,1,NO,0
F5,21/03/2019,Thursday,8029.6,258.0881473,1,1,NO,0
F5,25/03/2019,Monday,9413,258.0881473,1,2,NO,1
F5,26/03/2019,Tuesday,9064.4,132.335733,1,2,NO,0
F5,27/03/2019,Wednesday,10258,258.0881473,3,2,NO,1
F5,28/03/2019,Thursday,8029.6,258.0881473,1,2,NO,0
F5,1/4/19,Monday,9413,258.0881473,1,5,NO,0
F5,2/4/19,Tuesday,9064.4,132.335733,1,5,NO,0
F5,3/4/19,Wednesday,10258,258.0881473,1,2,NO,0
F5,4/4/19,Thursday,8029.6,NA,1,2,NO,1
F5,5/4/19,Friday,NA,295.721823,1,2,NO,1
F6,14/03/2019,Thursday,10720.2,258.0881473,2,1,NO,0
F6,18/03/2019,Monday,10693,258.0881473,1,2,NO,0
F6,19/03/2019,Tuesday,9946,166.2188067,1,2,NO,0
F6,20/03/2019,Wednesday,10500,258.0881473,2,1,NO,0
F6,21/03/2019,Thursday,10720.2,258.0881473,1,1,NO,0
F6,25/03/2019,Monday,10693,258.0881473,1,2,NO,1
F6,26/03/2019,Tuesday,9946,132.335733,1,2,NO,0
F6,27/03/2019,Wednesday,10500,132.335733,3,2,NO,1
F6,28/03/2019,Thursday,10720.2,258.0881473,1,2,NO,0
F6,1/4/19,Monday,10693,NA,1,5,NO,1
F6,2/4/19,Tuesday,9946,132.335733,1,5,NO,0
F6,3/4/19,Wednesday,10500,258.0881473,1,2,NO,1
F6,4/4/19,Thursday,10720.2,258.0881473,1,2,NO,1
F6,8/4/19,Monday,10693,NA,1,4,NO,1
F6,9/4/19,Tuesday,9946,258.0881473,1,1,NO,0
F6,11/4/19,Thursday,10720.2,NA,1,1,NO,0
G1,18/03/2019,Monday,6661.666667,NA,1,2,NO,1
G1,19/03/2019,Tuesday,7649.875,504.6236985,1,2,NO,1
G1,20/03/2019,Wednesday,6452,774.9080656,2,1,NO,1
G1,25/03/2019,Monday,6661.666667,774.9080656,1,2,NO,1
G1,26/03/2019,Tuesday,7649.875,330.5009508,1,2,NO,1
G1,27/03/2019,Wednesday,6452,774.9080656,3,2,NO,1
G1,28/03/2019,Thursday,7526.857143,330.5009508,1,2,NO,1
G1,1/4/19,Monday,6661.666667,774.9080656,1,5,NO,1
G1,2/4/19,Tuesday,7649.875,330.5009508,1,5,NO,1
G1,3/4/19,Wednesday,6452,774.9080656,1,2,NO,1
G1,8/4/19,Monday,6661.666667,774.9080656,1,4,NO,1
G1,9/4/19,Tuesday,7649.875,330.5009508,1,1,NO,1
G1,10/4/19,Wednesday,6452,774.9080656,1,1,NO,1
G1,11/4/19,Thursday,7526.857143,330.5009508,1,1,NO,1
G2,14/03/2019,Thursday,NA,NA,2,1,NO,1
G2,15/03/2019,Friday,NA,NA,1,1,NO,1
G2,18/03/2019,Monday,10110,NA,1,2,NO,1
G2,20/03/2019,Wednesday,NA,NA,2,1,NO,1
G2,25/03/2019,Monday,10110,258.0881473,1,2,NO,1
G2,26/03/2019,Tuesday,NA,NA,1,2,NO,0
G2,27/03/2019,Wednesday,NA,NA,3,2,NO,1
G2,28/03/2019,Thursday,NA,NA,1,2,NO,1
G2,29/03/2019,Friday,NA,NA,1,4,NO,1
G2,1/4/19,Monday,10110,504.6236985,1,5,NO,1
G2,3/4/19,Wednesday,NA,NA,1,2,NO,1
G2,4/4/19,Thursday,NA,NA,1,2,NO,1
G2,5/4/19,Friday,NA,NA,1,2,NO,1
G2,8/4/19,Monday,10110,NA,1,4,NO,1
G2,9/4/19,Tuesday,NA,NA,1,1,NO,1
G2,10/4/19,Wednesday,NA,NA,1,1,NO,1
G3,14/03/2019,Thursday,NA,NA,2,1,NO,1
G3,18/03/2019,Monday,8876.666667,774.9080656,1,2,NO,1
G3,19/03/2019,Tuesday,NA,NA,1,2,NO,1
G3,20/03/2019,Wednesday,8184,NA,2,1,NO,1
G3,21/03/2019,Thursday,NA,NA,1,1,NO,1
G3,25/03/2019,Monday,8876.666667,774.9080656,1,2,NO,1
G3,26/03/2019,Tuesday,NA,NA,1,2,NO,1
G3,27/03/2019,Wednesday,8184,NA,3,2,NO,1
G3,28/03/2019,Thursday,NA,NA,1,2,NO,0
G3,1/4/19,Monday,8876.666667,504.6236985,1,5,NO,0
G3,2/4/19,Tuesday,NA,NA,1,5,NO,1
G3,3/4/19,Wednesday,8184,258.0881473,1,2,NO,0
G3,4/4/19,Thursday,NA,NA,1,2,NO,1
G3,5/4/19,Friday,NA,NA,1,2,NO,1
G3,8/4/19,Monday,8876.666667,NA,1,4,NO,1
G3,10/4/19,Wednesday,8184,NA,1,1,NO,1
G3,11/4/19,Thursday,NA,NA,1,1,NO,1
G3,12/4/19,Friday,NA,NA,1,2,NO,1
G4,14/03/2019,Thursday,6465.333333,330.5009508,2,1,YES,1
G4,18/03/2019,Monday,5834,NA,1,2,YES,1
G4,19/03/2019,Tuesday,7038,774.9080656,1,2,YES,1
G4,20/03/2019,Wednesday,10772,132.335733,2,1,YES,1
G4,21/03/2019,Thursday,6465.333333,774.9080656,1,1,YES,1
G4,25/03/2019,Monday,5834,258.0881473,1,2,YES,1
G4,26/03/2019,Tuesday,7038,504.6236985,1,2,YES,1
G4,27/03/2019,Wednesday,10772,330.5009508,3,2,YES,1
G4,28/03/2019,Thursday,6465.333333,NA,1,2,YES,1
G4,29/03/2019,Friday,NA,NA,1,4,YES,1
G4,1/4/19,Monday,5834,258.0881473,1,5,YES,1
G4,2/4/19,Tuesday,7038,774.9080656,1,5,YES,1
G4,3/4/19,Wednesday,10772,258.0881473,1,2,YES,1
G4,4/4/19,Thursday,6465.333333,774.9080656,1,2,YES,1
G4,8/4/19,Monday,5834,258.0881473,1,4,YES,1
G4,10/4/19,Wednesday,10772,NA,1,1,YES,1
G4,11/4/19,Thursday,6465.333333,504.6236985,1,1,YES,1
G4,12/4/19,Friday,NA,NA,1,2,YES,1
G5,14/03/2019,Thursday,2358,774.9080656,2,1,YES,1
G5,15/03/2019,Friday,7903,774.9080656,1,1,YES,1
G5,18/03/2019,Monday,10327.75,295.721823,1,2,YES,1
G5,19/03/2019,Tuesday,7407.5,774.9080656,1,2,YES,1
G5,20/03/2019,Wednesday,9227,NA,2,1,YES,1
G5,21/03/2019,Thursday,2358,NA,1,1,YES,1
G5,22/03/2019,Friday,7903,774.9080656,1,5,YES,0
G5,25/03/2019,Monday,10327.75,NA,1,2,YES,1
G5,26/03/2019,Tuesday,7407.5,402.9031196,1,2,YES,1
G5,27/03/2019,Wednesday,9227,NA,3,2,YES,0
G5,28/03/2019,Thursday,2358,NA,1,2,YES,1
G5,29/03/2019,Friday,7903,774.9080656,1,4,YES,1
G5,2/4/19,Tuesday,7407.5,NA,1,5,YES,1
G5,3/4/19,Wednesday,9227,402.9031196,1,2,YES,0
G5,4/4/19,Thursday,2358,774.9080656,1,2,YES,1
G5,5/4/19,Friday,7903,NA,1,2,YES,1
G5,8/4/19,Monday,10327.75,NA,1,4,YES,1
G5,9/4/19,Tuesday,7407.5,774.9080656,1,1,YES,1
G5,10/4/19,Wednesday,9227,774.9080656,1,1,YES,0
G5,11/4/19,Thursday,2358,NA,1,1,YES,1
G5,12/4/19,Friday,7903,295.721823,1,2,YES,1
A1,15/04/2019,Monday,NA,258.0881473,1,5,NO,1
A1,16/04/2019,Tuesday,NA,258.0881473,1,2,NO,0
A1,17/04/2019,Wednesday,NA,258.0881473,1,4,NO,1
A1,18/04/2019,Thursday,2015.75,258.0881473,1,1,NO,0
A1,22/04/2019,Monday,NA,NA,1,2,NO,1
A1,23/04/2019,Tuesday,NA,258.0881473,2,1,NO,0
A1,24/04/2019,Wednesday,NA,258.0881473,1,1,NO,1
A1,25/04/2019,Thursday,2015.75,132.335733,1,1,NO,1
A1,30/04/2019,Tuesday,NA,258.0881473,1,2,NO,1
A1,2/5/19,Thursday,2015.75,258.0881473,3,2,NO,0
A1,8/5/19,Wednesday,NA,258.0881473,1,3,NO,1
A1,9/5/19,Thursday,2015.75,258.0881473,1,2,NO,1
A2,15/04/2019,Monday,NA,NA,1,5,NO,1
A2,17/04/2019,Wednesday,NA,258.0881473,1,4,NO,1
A2,18/04/2019,Thursday,2515,258.0881473,1,1,NO,0
A2,22/04/2019,Monday,NA,NA,1,2,NO,1
A2,24/04/2019,Wednesday,NA,258.0881473,1,1,NO,1
A2,25/04/2019,Thursday,2515,132.335733,1,1,NO,1
A2,29/04/2019,Monday,NA,NA,1,1,NO,1
A2,30/04/2019,Tuesday,NA,258.0881473,1,2,NO,1
A2,2/5/19,Thursday,2515,258.0881473,3,2,NO,0
A2,3/5/19,Friday,NA,NA,1,2,NO,1
A2,7/5/19,Tuesday,NA,258.0881473,1,5,NO,0
A2,8/5/19,Wednesday,NA,258.0881473,1,3,NO,1
A2,9/5/19,Thursday,2515,258.0881473,1,2,NO,1
A3,15/04/2019,Monday,1296.75,295.721823,1,5,NO,1
A3,16/04/2019,Tuesday,4801,258.0881473,1,2,NO,0
A3,18/04/2019,Thursday,20,258.0881473,1,1,NO,1
A3,22/04/2019,Monday,1296.75,NA,1,2,NO,1
A3,25/04/2019,Thursday,20,NA,1,1,NO,1
A3,29/04/2019,Monday,1296.75,295.721823,1,1,NO,1
A3,30/04/2019,Tuesday,4801,258.0881473,1,2,NO,0
A3,2/5/19,Thursday,20,258.0881473,3,2,NO,1
A3,7/5/19,Tuesday,4801,258.0881473,1,5,NO,0
A3,8/5/19,Wednesday,534.6,132.335733,1,3,NO,0
A4,22/04/2019,Monday,NA,258.0881473,1,2,NO,1
A4,23/04/2019,Tuesday,1580.5,258.0881473,2,1,NO,1
A4,24/04/2019,Wednesday,2641,132.335733,1,1,NO,1
A4,25/04/2019,Thursday,403,258.0881473,1,1,NO,1
A4,7/5/19,Tuesday,1580.5,141.7767165,1,5,NO,1
A4,8/5/19,Wednesday,2641,258.0881473,1,3,NO,1
A5,15/04/2019,Monday,NA,NA,1,5,YES,1
A5,16/04/2019,Tuesday,660.3333333,258.0881473,1,2,YES,1
A5,17/04/2019,Wednesday,3494.5,NA,1,4,YES,1
A5,18/04/2019,Thursday,1174.75,141.7767165,1,1,YES,0
A5,22/04/2019,Monday,NA,NA,1,2,YES,1
A5,23/04/2019,Tuesday,660.3333333,132.335733,2,1,YES,0
A5,25/04/2019,Thursday,1174.75,258.0881473,1,1,YES,0
A5,29/04/2019,Monday,NA,NA,1,1,YES,1
A5,1/5/19,Wednesday,3494.5,258.0881473,1,2,YES,0
A5,7/5/19,Tuesday,660.3333333,NA,1,5,YES,1
A5,8/5/19,Wednesday,3494.5,258.0881473,1,3,YES,1
A5,9/5/19,Thursday,1174.75,258.0881473,1,2,YES,1
B1,15/04/2019,Monday,NA,NA,1,5,NO,1
B1,16/04/2019,Tuesday,NA,NA,1,2,NO,1
B1,17/04/2019,Wednesday,584.25,258.0881473,1,4,NO,0
B1,18/04/2019,Thursday,8739,774.9080656,1,1,NO,0
B1,19/04/2019,Friday,2781.666667,308.6056582,1,2,NO,0
B1,22/04/2019,Monday,NA,NA,1,2,NO,1
B1,23/04/2019,Tuesday,NA,774.9080656,2,1,NO,0
B1,24/04/2019,Wednesday,584.25,NA,1,1,NO,1
B1,25/04/2019,Thursday,8739,774.9080656,1,1,NO,0
B1,29/04/2019,Monday,NA,NA,1,1,NO,1
B1,30/04/2019,Tuesday,NA,774.9080656,1,2,NO,1
B1,1/5/19,Wednesday,584.25,258.0881473,1,2,NO,0
B1,2/5/19,Thursday,8739,774.9080656,3,2,NO,1
B1,3/5/19,Friday,2781.666667,774.9080656,1,2,NO,1
B1,7/5/19,Tuesday,NA,774.9080656,1,5,NO,1
B1,8/5/19,Wednesday,584.25,258.0881473,1,3,NO,1
B1,9/5/19,Thursday,8739,774.9080656,1,2,NO,1
B1,10/5/19,Friday,2781.666667,774.9080656,1,2,NO,1
B2,18/04/2019,Thursday,1306.5,NA,1,1,NO,1
B2,22/04/2019,Monday,3593,420.9233811,1,2,NO,1
B2,23/04/2019,Tuesday,424,774.9080656,2,1,NO,1
B2,24/04/2019,Wednesday,3797.5,420.9233811,1,1,NO,1
B2,25/04/2019,Thursday,1306.5,NA,1,1,NO,1
B2,29/04/2019,Monday,3593,774.9080656,1,1,NO,1
B2,30/04/2019,Tuesday,424,774.9080656,1,2,NO,1
B2,10/5/19,Friday,767.75,180.4581399,1,2,NO,1
B3,4/4/19,Thursday,7622,774.9080656,1,2,NO,1
B3,5/4/19,Friday,4188,774.9080656,1,2,NO,0
B3,8/4/19,Monday,527,NA,1,4,NO,1
B3,9/4/19,Tuesday,7042,774.9080656,1,1,NO,1
B3,11/4/19,Thursday,7622,774.9080656,1,1,NO,1
B3,12/4/19,Friday,4188,774.9080656,1,2,NO,1
B3,15/04/2019,Monday,527,258.0881473,1,5,NO,1
B3,16/04/2019,Tuesday,7042,774.9080656,1,2,NO,1
B3,17/04/2019,Wednesday,NA,NA,1,4,NO,0
B3,18/04/2019,Thursday,7622,774.9080656,1,1,NO,0
B3,19/04/2019,Friday,4188,774.9080656,1,2,NO,0
B3,22/04/2019,Monday,527,258.0881473,1,2,NO,1
B3,23/04/2019,Tuesday,7042,NA,2,1,NO,1
B3,24/04/2019,Wednesday,NA,NA,1,1,NO,0
B3,25/04/2019,Thursday,7622,NA,1,1,NO,1
B3,2/5/19,Thursday,7622,774.9080656,3,2,NO,1
B3,3/5/19,Friday,4188,774.9080656,1,2,NO,1
B3,7/5/19,Tuesday,7042,774.9080656,1,5,NO,1
B3,8/5/19,Wednesday,NA,258.0881473,1,3,NO,1
B3,9/5/19,Thursday,7622,774.9080656,1,2,NO,1
B3,10/5/19,Friday,4188,774.9080656,1,2,NO,1
B4,8/4/19,Monday,NA,258.0881473,1,4,NO,0
B4,9/4/19,Tuesday,11,258.0881473,1,1,NO,1
B4,11/4/19,Thursday,5156,202.9398888,1,1,NO,1
B4,15/04/2019,Monday,NA,NA,1,5,NO,1
B4,17/04/2019,Wednesday,NA,258.0881473,1,4,NO,1
B4,22/04/2019,Monday,NA,258.0881473,1,2,NO,1
B4,23/04/2019,Tuesday,11,258.0881473,2,1,NO,1
B4,24/04/2019,Wednesday,NA,258.0881473,1,1,NO,1
B4,25/04/2019,Thursday,5156,269.2640067,1,1,NO,1
B4,29/04/2019,Monday,NA,NA,1,1,NO,1
B4,30/04/2019,Tuesday,11,NA,1,2,NO,1
B4,1/5/19,Wednesday,NA,NA,1,2,NO,1
B4,2/5/19,Thursday,5156,NA,3,2,NO,1
B4,7/5/19,Tuesday,11,269.2640067,1,5,NO,1
B4,8/5/19,Wednesday,NA,258.0881473,1,3,NO,1
B5,15/04/2019,Monday,NA,258.0881473,1,5,NO,1
B5,16/04/2019,Tuesday,12590,774.9080656,1,2,NO,1
B5,17/04/2019,Wednesday,NA,258.0881473,1,4,NO,1
B5,18/04/2019,Thursday,11505,774.9080656,1,1,NO,1
B5,19/04/2019,Friday,NA,NA,1,2,NO,1
B5,22/04/2019,Monday,NA,258.0881473,1,2,NO,1
B5,23/04/2019,Tuesday,12590,NA,2,1,NO,1
B5,25/04/2019,Thursday,11505,774.9080656,1,1,NO,1
B5,26/04/2019,Friday,NA,NA,1,1,NO,1
B5,29/04/2019,Monday,NA,258.0881473,1,1,NO,1
B5,30/04/2019,Tuesday,12590,774.9080656,1,2,NO,1
B5,1/5/19,Wednesday,NA,NA,1,2,NO,1
B5,2/5/19,Thursday,11505,NA,3,2,NO,1
B5,7/5/19,Tuesday,12590,774.9080656,1,5,NO,1
B5,8/5/19,Wednesday,NA,258.0881473,1,3,NO,1
B5,9/5/19,Thursday,11505,774.9080656,1,2,NO,1
C1,15/04/2019,Monday,1627.5,139.4843326,1,5,NO,1
C1,16/04/2019,Tuesday,NA,258.0881473,1,2,NO,1
C1,17/04/2019,Wednesday,1753,NA,1,4,NO,1
C1,18/04/2019,Thursday,3861,NA,1,1,NO,1
C1,19/04/2019,Friday,NA,NA,1,2,NO,1
C1,22/04/2019,Monday,1627.5,NA,1,2,NO,1
C1,23/04/2019,Tuesday,NA,NA,2,1,NO,1
C1,24/04/2019,Wednesday,1753,198.5964061,1,1,NO,1
C1,29/04/2019,Monday,1627.5,NA,1,1,NO,1
C1,30/04/2019,Tuesday,NA,NA,1,2,NO,1
C1,1/5/19,Wednesday,1753,NA,1,2,NO,1
C1,2/5/19,Thursday,3861,258.0881473,3,2,NO,1
C1,3/5/19,Friday,NA,NA,1,2,NO,1
C2,15/04/2019,Monday,4275,258.0881473,1,5,NO,1
C2,16/04/2019,Tuesday,NA,NA,1,2,NO,1
C2,17/04/2019,Wednesday,NA,258.0881473,1,4,NO,1
C2,22/04/2019,Monday,4275,NA,1,2,NO,1
C2,23/04/2019,Tuesday,NA,NA,2,1,NO,1
C2,24/04/2019,Wednesday,NA,258.0881473,1,1,NO,1
C2,25/04/2019,Thursday,NA,NA,1,1,NO,1
C2,29/04/2019,Monday,4275,258.0881473,1,1,NO,1
C2,30/04/2019,Tuesday,NA,NA,1,2,NO,1
C2,1/5/19,Wednesday,NA,NA,1,2,NO,1
C2,3/5/19,Friday,58.5,139.4843326,1,2,NO,1
C2,7/5/19,Tuesday,NA,258.0881473,1,5,NO,1
C3,16/04/2019,Tuesday,2053.6,258.0881473,1,2,NO,1
C3,17/04/2019,Wednesday,NA,NA,1,4,NO,1
C3,18/04/2019,Thursday,3915.5,258.0881473,1,1,NO,1
C3,23/04/2019,Tuesday,2053.6,258.0881473,2,1,NO,1
C3,25/04/2019,Thursday,3915.5,NA,1,1,NO,1
C3,29/04/2019,Monday,NA,NA,1,1,NO,1
C3,30/04/2019,Tuesday,2053.6,258.0881473,1,2,NO,0
C3,1/5/19,Wednesday,NA,NA,1,2,NO,1
C3,7/5/19,Tuesday,2053.6,258.0881473,1,5,NO,1
C3,8/5/19,Wednesday,NA,NA,1,3,NO,1
C3,9/5/19,Thursday,3915.5,258.0881473,1,2,NO,1
C4,17/04/2019,Wednesday,385,NA,1,4,NO,1
C4,18/04/2019,Thursday,NA,NA,1,1,NO,1
C4,19/04/2019,Friday,NA,NA,1,2,NO,1
C4,22/04/2019,Monday,1184,NA,1,2,NO,1
C4,23/04/2019,Tuesday,2536,NA,2,1,NO,1
C4,25/04/2019,Thursday,NA,NA,1,1,NO,1
C4,26/04/2019,Friday,NA,NA,1,1,NO,1
C4,29/04/2019,Monday,1184,NA,1,1,NO,1
C4,30/04/2019,Tuesday,2536,NA,1,2,NO,0
C4,1/5/19,Wednesday,385,NA,1,2,NO,1
C4,2/5/19,Thursday,NA,NA,3,2,NO,1
C4,3/5/19,Friday,NA,NA,1,2,NO,1
C4,7/5/19,Tuesday,2536,NA,1,5,NO,1
C4,8/5/19,Wednesday,385,NA,1,3,NO,1
C4,9/5/19,Thursday,NA,NA,1,2,NO,1
C5,15/04/2019,Monday,5791.666667,NA,1,5,NO,1
C5,16/04/2019,Tuesday,2681.076923,132.335733,1,2,NO,0
C5,17/04/2019,Wednesday,5361.5,NA,1,4,NO,1
C5,18/04/2019,Thursday,1894.538462,258.0881473,1,1,NO,0
C5,22/04/2019,Monday,5791.666667,258.0881473,1,2,NO,0
C5,23/04/2019,Tuesday,2681.076923,141.7767165,2,1,NO,0
C5,24/04/2019,Wednesday,5361.5,NA,1,1,NO,1
C5,25/04/2019,Thursday,1894.538462,132.335733,1,1,NO,1
C5,29/04/2019,Monday,5791.666667,258.0881473,1,1,NO,1
C5,30/04/2019,Tuesday,2681.076923,132.335733,1,2,NO,0
C5,1/5/19,Wednesday,5361.5,258.0881473,1,2,NO,0
C5,2/5/19,Thursday,1894.538462,132.335733,3,2,NO,0
C5,7/5/19,Tuesday,2681.076923,258.0881473,1,5,NO,0
C5,8/5/19,Wednesday,5361.5,258.0881473,1,3,NO,1
C5,9/5/19,Thursday,1894.538462,141.7767165,1,2,NO,1
D1,17/04/2019,Wednesday,167,381.0893375,1,4,NO,1
D1,18/04/2019,Thursday,304.5,258.0881473,1,1,NO,1
D1,19/04/2019,Friday,NA,774.9080656,1,2,NO,1
D1,23/04/2019,Tuesday,NA,258.0881473,2,1,NO,1
D1,24/04/2019,Wednesday,167,NA,1,1,NO,1
D1,25/04/2019,Thursday,304.5,258.0881473,1,1,NO,0
D1,26/04/2019,Friday,NA,NA,1,1,NO,1
D1,30/04/2019,Tuesday,NA,258.0881473,1,2,NO,1
D1,1/5/19,Wednesday,167,180.4581399,1,2,NO,1
D1,2/5/19,Thursday,304.5,NA,3,2,NO,1
D1,7/5/19,Tuesday,NA,NA,1,5,NO,1
D1,8/5/19,Wednesday,167,NA,1,3,NO,1
D2,15/04/2019,Monday,604,258.0881473,1,5,NO,1
D2,16/04/2019,Tuesday,2999,258.0881473,1,2,NO,1
D2,22/04/2019,Monday,604,139.4843326,1,2,NO,1
D2,25/04/2019,Thursday,1981.5,132.335733,1,1,NO,1
D2,1/5/19,Wednesday,NA,258.0881473,1,2,NO,1
D2,8/5/19,Wednesday,NA,NA,1,3,NO,1
D2,9/5/19,Thursday,1981.5,139.4843326,1,2,NO,0
D3,16/04/2019,Tuesday,3546,141.7767165,1,2,YES,1
D3,17/04/2019,Wednesday,4083.5,515.0831232,1,4,YES,1
D3,18/04/2019,Thursday,1787,515.0831232,1,1,YES,1
D3,22/04/2019,Monday,4013.5,515.0831232,1,2,YES,1
D3,23/04/2019,Tuesday,3546,258.0881473,2,1,YES,1
D3,29/04/2019,Monday,4013.5,515.0831232,1,1,YES,1
D3,2/5/19,Thursday,1787,515.0831232,3,2,YES,0
D3,7/5/19,Tuesday,3546,258.0881473,1,5,YES,0
D3,8/5/19,Wednesday,4083.5,515.0831232,1,3,YES,1
D4,11/4/19,Thursday,2178,NA,1,1,NO,1
D4,12/4/19,Friday,NA,NA,1,2,NO,1
D4,15/04/2019,Monday,NA,NA,1,5,NO,1
D4,18/04/2019,Thursday,2178,NA,1,1,NO,0
D4,22/04/2019,Monday,NA,NA,1,2,NO,0
D4,23/04/2019,Tuesday,NA,NA,2,1,NO,1
D4,24/04/2019,Wednesday,6117,NA,1,1,NO,0
D4,1/5/19,Wednesday,6117,258.0881473,1,2,NO,0
D5,16/04/2019,Tuesday,NA,NA,1,2,NO,1
D5,17/04/2019,Wednesday,NA,NA,1,4,NO,1
D5,18/04/2019,Thursday,2392,NA,1,1,NO,1
D5,22/04/2019,Monday,NA,NA,1,2,NO,1
D5,23/04/2019,Tuesday,NA,NA,2,1,NO,1
D5,24/04/2019,Wednesday,NA,NA,1,1,NO,1
D5,26/04/2019,Friday,NA,NA,1,1,NO,1
D5,29/04/2019,Monday,NA,258.0881473,1,1,NO,1
D5,30/04/2019,Tuesday,NA,NA,1,2,NO,1
D5,2/5/19,Thursday,2392,NA,3,2,NO,1
D5,7/5/19,Tuesday,NA,NA,1,5,NO,1
D5,9/5/19,Thursday,2392,258.0881473,1,2,NO,0
E1,15/04/2019,Monday,3141.5,NA,1,5,NO,1
E1,16/04/2019,Tuesday,2414,258.0881473,1,2,NO,1
E1,18/04/2019,Thursday,3605,NA,1,1,NO,1
E1,22/04/2019,Monday,3141.5,258.0881473,1,2,NO,1
E1,23/04/2019,Tuesday,2414,NA,2,1,NO,1
E1,3/5/19,Friday,NA,351.5160671,1,2,NO,1
E1,7/5/19,Tuesday,2414,258.0881473,1,5,NO,1
E1,8/5/19,Wednesday,7356,258.0881473,1,3,NO,1
E1,9/5/19,Thursday,3605,258.0881473,1,2,NO,1
E2,15/04/2019,Monday,6801,258.0881473,1,5,NO,0
E2,16/04/2019,Tuesday,1040.5,258.0881473,1,2,NO,0
E2,17/04/2019,Wednesday,1083,258.0881473,1,4,NO,0
E2,23/04/2019,Tuesday,1040.5,258.0881473,2,1,NO,1
E2,24/04/2019,Wednesday,1083,258.0881473,1,1,NO,1
E2,25/04/2019,Thursday,3008,258.0881473,1,1,NO,0
E2,7/5/19,Tuesday,1040.5,258.0881473,1,5,NO,1
E2,8/5/19,Wednesday,1083,202.9398888,1,3,NO,1
E2,9/5/19,Thursday,3008,258.0881473,1,2,NO,1
E3,15/04/2019,Monday,1230.666667,258.0881473,1,5,NO,0
E3,17/04/2019,Wednesday,1220.6,258.0881473,1,4,NO,0
E3,18/04/2019,Thursday,459.5,258.0881473,1,1,NO,1
E3,25/04/2019,Thursday,459.5,258.0881473,1,1,NO,1
E3,29/04/2019,Monday,1230.666667,139.4843326,1,1,NO,0
E3,1/5/19,Wednesday,1220.6,258.0881473,1,2,NO,0
E3,2/5/19,Thursday,459.5,258.0881473,3,2,NO,1
E3,8/5/19,Wednesday,1220.6,258.0881473,1,3,NO,0
E3,9/5/19,Thursday,459.5,258.0881473,1,2,NO,0
F1,16/04/2019,Tuesday,1790.666667,NA,1,2,NO,1
F1,17/04/2019,Wednesday,NA,NA,1,4,NO,1
F1,18/04/2019,Thursday,9735,258.0881473,1,1,NO,0
F1,22/04/2019,Monday,NA,NA,1,2,NO,1
F1,23/04/2019,Tuesday,1790.666667,258.0881473,2,1,NO,0
F1,24/04/2019,Wednesday,NA,258.0881473,1,1,NO,1
F1,25/04/2019,Thursday,9735,NA,1,1,NO,1
F1,29/04/2019,Monday,NA,NA,1,1,NO,1
F1,8/5/19,Wednesday,NA,NA,1,3,NO,1
F2,9/4/19,Tuesday,NA,258.0881473,1,1,NO,0
F2,10/4/19,Wednesday,NA,NA,1,1,NO,1
F2,22/04/2019,Monday,744,NA,1,2,NO,1
F2,23/04/2019,Tuesday,NA,NA,2,1,NO,1
F2,24/04/2019,Wednesday,NA,258.0881473,1,1,NO,1
F2,25/04/2019,Thursday,NA,NA,1,1,NO,1
F2,29/04/2019,Monday,744,258.0881473,1,1,NO,0
F3,16/04/2019,Tuesday,569,141.7767165,1,2,NO,1
F3,17/04/2019,Wednesday,36,258.0881473,1,4,NO,1
F3,18/04/2019,Thursday,1504.1,132.335733,1,1,NO,1
F3,22/04/2019,Monday,886.8571429,258.0881473,1,2,NO,1
F3,24/04/2019,Wednesday,36,258.0881473,1,1,NO,1
F3,25/04/2019,Thursday,1504.1,141.7767165,1,1,NO,1
F3,29/04/2019,Monday,886.8571429,258.0881473,1,1,NO,1
F3,1/5/19,Wednesday,36,NA,1,2,NO,1
F3,8/5/19,Wednesday,36,258.0881473,1,3,NO,1
F4,15/04/2019,Monday,5867,258.0881473,1,5,NO,1
F4,16/04/2019,Tuesday,1328.111111,132.335733,1,2,NO,1
F4,17/04/2019,Wednesday,3527,258.0881473,1,4,NO,1
F4,18/04/2019,Thursday,2967.285714,132.335733,1,1,NO,1
F4,22/04/2019,Monday,5867,258.0881473,1,2,NO,1
F4,23/04/2019,Tuesday,1328.111111,169.1490848,2,1,NO,1
F4,24/04/2019,Wednesday,3527,258.0881473,1,1,NO,0
F4,25/04/2019,Thursday,2967.285714,132.335733,1,1,NO,1
F4,26/04/2019,Friday,NA,NA,1,1,NO,1
F4,29/04/2019,Monday,5867,258.0881473,1,1,NO,1
F4,30/04/2019,Tuesday,1328.111111,132.335733,1,2,NO,1
F4,1/5/19,Wednesday,3527,258.0881473,1,2,NO,1
F4,2/5/19,Thursday,2967.285714,132.335733,3,2,NO,1
F4,3/5/19,Friday,NA,NA,1,2,NO,1
F4,7/5/19,Tuesday,1328.111111,141.7767165,1,5,NO,1
F4,8/5/19,Wednesday,3527,258.0881473,1,3,NO,1
F4,9/5/19,Thursday,2967.285714,258.0881473,1,2,NO,1
F5,15/04/2019,Monday,2014.4,258.0881473,1,5,NO,0
F5,16/04/2019,Tuesday,2898,258.0881473,1,2,NO,0
F5,17/04/2019,Wednesday,46,258.0881473,1,4,NO,1
F5,18/04/2019,Thursday,3000,132.335733,1,1,NO,0
F5,22/04/2019,Monday,2014.4,258.0881473,1,2,NO,1
F5,23/04/2019,Tuesday,2898,132.335733,2,1,NO,1
F5,24/04/2019,Wednesday,46,139.4843326,1,1,NO,1
F5,25/04/2019,Thursday,3000,258.0881473,1,1,NO,0
F5,29/04/2019,Monday,2014.4,202.9398888,1,1,NO,1
F5,30/04/2019,Tuesday,2898,258.0881473,1,2,NO,1
F5,1/5/19,Wednesday,46,258.0881473,1,2,NO,1
F5,2/5/19,Thursday,3000,NA,3,2,NO,0
F5,3/5/19,Friday,NA,NA,1,2,NO,1
F5,7/5/19,Tuesday,2898,132.335733,1,5,NO,0
F5,8/5/19,Wednesday,46,258.0881473,1,3,NO,1
F5,9/5/19,Thursday,3000,258.0881473,1,2,NO,1
G1,15/04/2019,Monday,780,NA,1,5,NO,1
G1,16/04/2019,Tuesday,3335.5,258.0881473,1,2,NO,1
G1,17/04/2019,Wednesday,NA,258.0881473,1,4,NO,0
G1,18/04/2019,Thursday,4983,258.0881473,1,1,NO,1
G1,22/04/2019,Monday,780,258.0881473,1,2,NO,0
G1,23/04/2019,Tuesday,3335.5,258.0881473,2,1,NO,0
G1,24/04/2019,Wednesday,NA,258.0881473,1,1,NO,1
G1,25/04/2019,Thursday,4983,258.0881473,1,1,NO,1
G1,29/04/2019,Monday,780,258.0881473,1,1,NO,0
G1,30/04/2019,Tuesday,3335.5,NA,1,2,NO,1
G1,1/5/19,Wednesday,NA,NA,1,2,NO,1
G1,2/5/19,Thursday,4983,258.0881473,3,2,NO,0
G1,8/5/19,Wednesday,NA,258.0881473,1,3,NO,0
G1,9/5/19,Thursday,4983,258.0881473,1,2,NO,1
G2,22/04/2019,Monday,20.5,NA,1,2,NO,1
G2,24/04/2019,Wednesday,NA,NA,1,1,NO,1
G2,9/5/19,Thursday,76,NA,1,2,NO,1
G3,11/4/19,Thursday,2384.75,141.7767165,1,1,NO,1
G3,16/04/2019,Tuesday,1930.142857,141.7767165,1,2,NO,1
G3,17/04/2019,Wednesday,NA,258.0881473,1,4,NO,1
G3,18/04/2019,Thursday,2384.75,141.7767165,1,1,NO,1
G3,22/04/2019,Monday,NA,258.0881473,1,2,NO,1
G3,23/04/2019,Tuesday,1930.142857,141.7767165,2,1,NO,1
G3,24/04/2019,Wednesday,NA,258.0881473,1,1,NO,1
G3,25/04/2019,Thursday,2384.75,132.335733,1,1,NO,1
G3,29/04/2019,Monday,NA,NA,1,1,NO,1
G3,30/04/2019,Tuesday,1930.142857,132.335733,1,2,NO,1
G3,1/5/19,Wednesday,NA,NA,1,2,NO,1
G3,2/5/19,Thursday,2384.75,132.335733,3,2,NO,0
G3,7/5/19,Tuesday,1930.142857,141.7767165,1,5,NO,0
G4,16/04/2019,Tuesday,4317.666667,774.9080656,1,2,NO,1
G4,17/04/2019,Wednesday,2276.25,139.4843326,1,4,NO,0
G4,18/04/2019,Thursday,NA,774.9080656,1,1,NO,1
G4,19/04/2019,Friday,4321.5,774.9080656,1,2,NO,1
G4,24/04/2019,Wednesday,2276.25,NA,1,1,NO,1
G4,25/04/2019,Thursday,NA,774.9080656,1,1,NO,1
G4,29/04/2019,Monday,3869.25,774.9080656,1,1,NO,1
G4,30/04/2019,Tuesday,4317.666667,774.9080656,1,2,NO,0
G4,1/5/19,Wednesday,2276.25,258.0881473,1,2,NO,0
G4,3/5/19,Friday,4321.5,NA,1,2,NO,1
G4,7/5/19,Tuesday,4317.666667,774.9080656,1,5,NO,0
G4,8/5/19,Wednesday,2276.25,258.0881473,1,3,NO,1
G4,10/5/19,Friday,4321.5,774.9080656,1,2,NO,1
G5,11/4/19,Thursday,2274,774.9080656,1,1,YES,1
G5,15/04/2019,Monday,54.33333333,258.0881473,1,5,YES,1
G5,16/04/2019,Tuesday,NA,NA,1,2,YES,1
G5,17/04/2019,Wednesday,NA,258.0881473,1,4,YES,1
G5,22/04/2019,Monday,54.33333333,295.721823,1,2,YES,1
G5,29/04/2019,Monday,54.33333333,NA,1,1,YES,1
G5,30/04/2019,Tuesday,NA,774.9080656,1,2,YES,1
G5,3/5/19,Friday,2581,180.4581399,1,2,YES,1
G5,7/5/19,Tuesday,NA,774.9080656,1,5,YES,1
G5,8/5/19,Wednesday,NA,NA,1,3,YES,1
G5,9/5/19,Thursday,2274,774.9080656,1,2,YES,1
G5,10/5/19,Friday,2581,774.9080656,1,2,YES,1
H1,15/04/2019,Monday,2868.6,504.6236985,1,5,NO,1
H1,17/04/2019,Wednesday,1313.666667,NA,1,4,NO,1
H1,22/04/2019,Monday,2868.6,139.4843326,1,2,NO,1
H1,24/04/2019,Wednesday,1313.666667,180.4581399,1,1,NO,1
H1,29/04/2019,Monday,2868.6,357.2999797,1,1,NO,1
H1,8/5/19,Wednesday,1313.666667,NA,1,3,NO,1
H2,15/04/2019,Monday,2453,504.6236985,1,5,NO,0
H2,17/04/2019,Wednesday,1964.5,NA,1,4,NO,1
H2,18/04/2019,Thursday,NA,NA,1,1,NO,1
H2,22/04/2019,Monday,2453,NA,1,2,NO,1
H2,24/04/2019,Wednesday,1964.5,180.4581399,1,1,NO,1
H2,29/04/2019,Monday,2453,NA,1,1,NO,1
H2,30/04/2019,Tuesday,NA,NA,1,2,NO,1
H2,1/5/19,Wednesday,1964.5,NA,1,2,NO,1
H2,2/5/19,Thursday,NA,NA,3,2,NO,1
H2,7/5/19,Tuesday,NA,NA,1,5,NO,1
H2,8/5/19,Wednesday,1964.5,NA,1,3,NO,1
H3,15/04/2019,Monday,4691,258.0881473,1,5,YES,1
H3,16/04/2019,Tuesday,5433.6,774.9080656,1,2,YES,1
H3,17/04/2019,Wednesday,10174,504.6236985,1,4,YES,1
H3,18/04/2019,Thursday,5779.75,774.9080656,1,1,YES,1
H3,22/04/2019,Monday,4691,258.0881473,1,2,YES,0
H3,23/04/2019,Tuesday,5433.6,774.9080656,2,1,YES,1
H3,24/04/2019,Wednesday,10174,258.0881473,1,1,YES,1
H3,25/04/2019,Thursday,5779.75,774.9080656,1,1,YES,0
H3,29/04/2019,Monday,4691,258.0881473,1,1,YES,1
H3,30/04/2019,Tuesday,5433.6,420.9233811,1,2,YES,1
H3,1/5/19,Wednesday,10174,258.0881473,1,2,YES,1
H3,7/5/19,Tuesday,5433.6,774.9080656,1,5,YES,1
H3,8/5/19,Wednesday,10174,NA,1,3,YES,1
H3,9/5/19,Thursday,5779.75,504.6236985,1,2,YES,1
H4,15/04/2019,Monday,4575,774.9080656,1,5,YES,0
H4,16/04/2019,Tuesday,2366.5,774.9080656,1,2,YES,1
H4,17/04/2019,Wednesday,177.5714286,180.4581399,1,4,YES,0
H4,18/04/2019,Thursday,268,NA,1,1,YES,1
H4,19/04/2019,Friday,2982.333333,774.9080656,1,2,YES,1
H4,22/04/2019,Monday,4575,NA,1,2,YES,0
H4,23/04/2019,Tuesday,2366.5,774.9080656,2,1,YES,1
H4,24/04/2019,Wednesday,177.5714286,NA,1,1,YES,1
H4,25/04/2019,Thursday,268,774.9080656,1,1,YES,1
H4,26/04/2019,Friday,2982.333333,774.9080656,1,1,YES,0
H4,29/04/2019,Monday,4575,NA,1,1,YES,0
H4,30/04/2019,Tuesday,2366.5,420.9233811,1,2,YES,1
H4,1/5/19,Wednesday,177.5714286,180.4581399,1,2,YES,0
H4,2/5/19,Thursday,268,NA,3,2,YES,1
H4,3/5/19,Friday,2982.333333,478.2294629,1,2,YES,1
H4,8/5/19,Wednesday,177.5714286,234.7218678,1,3,YES,0
H4,9/5/19,Thursday,268,NA,1,2,YES,1
H4,10/5/19,Friday,2982.333333,180.4581399,1,2,YES,1
H5,15/04/2019,Monday,3837,NA,1,5,NO,1
H5,16/04/2019,Tuesday,3815.4,402.9031196,1,2,NO,1
H5,17/04/2019,Wednesday,4861.75,774.9080656,1,4,NO,1
H5,22/04/2019,Monday,3837,774.9080656,1,2,NO,1
H5,24/04/2019,Wednesday,4861.75,774.9080656,1,1,NO,1
H5,25/04/2019,Thursday,3863.833333,774.9080656,1,1,NO,1
H5,30/04/2019,Tuesday,3815.4,304.8671922,1,2,NO,1
H5,1/5/19,Wednesday,4861.75,774.9080656,1,2,NO,1
H5,2/5/19,Thursday,3863.833333,330.5009508,3,2,NO,1
H5,8/5/19,Wednesday,4861.75,774.9080656,1,3,NO,1
H5,9/5/19,Thursday,3863.833333,308.6056582,1,2,NO,1
